{
  "accuracy": 0.85,
  "balanced_accuracy": 0.7916666666666666,
  "macro_f1": 0.8225490196078431,
  "ordinal_mae": 0.2,
  "n_test_fault_files": 20
}