selector,n_seeds,accuracy_mean,accuracy_std,accuracy_sem,accuracy_min,accuracy_max,precision_mean,precision_std,precision_sem,precision_min,precision_max,recall_mean,recall_std,recall_sem,recall_min,recall_max,f1_mean,f1_std,f1_sem,f1_min,f1_max,specificity_mean,specificity_std,specificity_sem,specificity_min,specificity_max,hard_negative_fpr_mean,hard_negative_fpr_std,hard_negative_fpr_sem,hard_negative_fpr_min,hard_negative_fpr_max,fp_mean,fp_std,fp_sem,fp_min,fp_max,fn_mean,fn_std,fn_sem,fn_min,fn_max,median_delay_s_mean,median_delay_s_std,median_delay_s_sem,median_delay_s_min,median_delay_s_max,p95_delay_s_mean,p95_delay_s_std,p95_delay_s_sem,p95_delay_s_min,p95_delay_s_max
Source5_ValidationSelector_accuracy,30,0.9643678160919541,0.03563282318222649,0.006505633681499488,0.8620689655172413,1.0,0.9717614682687146,0.03661584002653347,0.00668510718151098,0.8518518518518519,1.0,0.9855072463768116,0.030919956618206932,0.0056451859056243624,0.8695652173913043,1.0,0.9778499236789935,0.02188411450322122,0.003995474388146742,0.92,1.0,0.8833333333333332,0.15871852721477112,0.028977905883175916,0.3333333333333333,1.0,0.15555555555555553,0.19044882124112195,0.03477103848134384,0.0,0.6666666666666666,0.7,0.9523111632886269,0.17386743529905552,0.0,4.0,0.3333333333333333,0.7111590022187595,0.12983927582936036,0.0,3.0,27.701666666666657,17.194062143324544,3.139191897014826,0.0,53.0,93.99016666666688,77.35247339606215,14.122564852613827,38.0,296.27999999999986
Source5_ValidationSelector_specificity,30,0.9643678160919541,0.03563282318222649,0.006505633681499488,0.8620689655172413,1.0,0.9717614682687146,0.03661584002653347,0.00668510718151098,0.8518518518518519,1.0,0.9855072463768116,0.030919956618206932,0.0056451859056243624,0.8695652173913043,1.0,0.9778499236789935,0.02188411450322122,0.003995474388146742,0.92,1.0,0.8833333333333332,0.15871852721477112,0.028977905883175916,0.3333333333333333,1.0,0.15555555555555553,0.19044882124112195,0.03477103848134384,0.0,0.6666666666666666,0.7,0.9523111632886269,0.17386743529905552,0.0,4.0,0.3333333333333333,0.7111590022187595,0.12983927582936036,0.0,3.0,27.701666666666657,17.194062143324544,3.139191897014826,0.0,53.0,93.99016666666688,77.35247339606215,14.122564852613827,38.0,296.27999999999986
