method,accuracy_mean,accuracy_std,specificity_mean,specificity_std,recall_mean,recall_std,validity
100Ah current selector,0.9437849681183016,0.0389451127122513,0.8677777777777778,0.1410098589888529,0.965732513100934,0.0391054985823893,valid 30-seed
NP q90 calibration,0.9344516347849684,0.0677447494170643,0.8733333333333333,0.1360076626193823,0.9516974253816356,0.0814538379178627,valid 30-seed alternative
NP max/conformal calibration,0.9277849681183016,0.0856493456130764,0.8844444444444445,0.1391637127729274,0.93941672362725,0.1172719591844744,valid 30-seed alternative
Smooth counterfactual negatives,0.9164253154253156,0.0469531782435633,0.7666666666666667,0.2108185106778919,0.9622693096377306,0.0477645366539254,10-seed screen rejected
Severity multiclass joint head,0.912161986161986,0.0367887020146532,0.7233333333333333,0.1633371125791043,0.9670312143996356,0.0435851392614356,10-seed screen rejected
Haar wavelet transient energy,0.9282828652828652,0.0441748561591266,0.8133333333333332,0.1657009056205089,0.9624857598541808,0.0561308147690634,10-seed screen rejected
