accuracy,precision,recall,f1,specificity,false_alarm_rate,miss_rate,hard_negative_fpr,mean_delay_s,median_delay_s,p95_delay_s,n_files,tp,tn,fp,fn,model,threshold,consecutive,gate_threshold
1.0,1.0,1.0,1.0,,,0.0,0.0,36.53107142857142,40.347,68.93499999999997,14,14,0,0,0,CORAL_RF,0.6873073529411765,1,0.0120221209291159
1.0,1.0,1.0,1.0,,,0.0,0.0,32.45964285714285,40.347,46.435,14,14,0,0,0,HRC_TAGS_ET,0.8964295704751891,3,0.0
1.0,1.0,1.0,1.0,,,0.0,0.0,32.24535714285714,40.347,46.435,14,14,0,0,0,HRC_TAGS_MIL,0.75,3,0.0
1.0,1.0,1.0,1.0,,,0.0,0.0,56.31678571428572,60.9235,83.7614,14,14,0,0,0,HRC_TAGS_PROTO,0.8142687869849798,3,0.0
0.5714285714285714,1.0,0.5714285714285714,0.7272727272727273,,,0.4285714285714285,0.0,93.240375,92.347,96.5204,14,8,0,0,6,CausalPrefixHGB_100_150,100s:0.8;150s:0.8,1,0.0
